/*
Deployment script for Database

This code was generated by a tool.
Changes to this file may cause incorrect behavior and will be lost if
the code is regenerated.
*/

GO
SET ANSI_NULLS, ANSI_PADDING, ANSI_WARNINGS, ARITHABORT, CONCAT_NULL_YIELDS_NULL, QUOTED_IDENTIFIER ON;

SET NUMERIC_ROUNDABORT OFF;


GO
:setvar DatabaseName "Database"
:setvar DefaultFilePrefix "Database"
:setvar DefaultDataPath "C:\Users\102589705\AppData\Local\Microsoft\VisualStudio\SSDT\Database"
:setvar DefaultLogPath "C:\Users\102589705\AppData\Local\Microsoft\VisualStudio\SSDT\Database"

GO
:on error exit
GO
/*
Detect SQLCMD mode and disable script execution if SQLCMD mode is not supported.
To re-enable the script after enabling SQLCMD mode, execute the following:
SET NOEXEC OFF; 
*/
:setvar __IsSqlCmdEnabled "True"
GO
IF N'$(__IsSqlCmdEnabled)' NOT LIKE N'True'
    BEGIN
        PRINT N'SQLCMD mode must be enabled to successfully execute this script.';
        SET NOEXEC ON;
    END


GO
USE [$(DatabaseName)];


GO
IF EXISTS (SELECT 1
           FROM   [master].[dbo].[sysdatabases]
           WHERE  [name] = N'$(DatabaseName)')
    BEGIN
        ALTER DATABASE [$(DatabaseName)]
            SET ARITHABORT ON,
                CONCAT_NULL_YIELDS_NULL ON,
                CURSOR_DEFAULT LOCAL 
            WITH ROLLBACK IMMEDIATE;
    END


GO
IF EXISTS (SELECT 1
           FROM   [master].[dbo].[sysdatabases]
           WHERE  [name] = N'$(DatabaseName)')
    BEGIN
        ALTER DATABASE [$(DatabaseName)]
            SET PAGE_VERIFY NONE,
                DISABLE_BROKER 
            WITH ROLLBACK IMMEDIATE;
    END


GO
ALTER DATABASE [$(DatabaseName)]
    SET TARGET_RECOVERY_TIME = 0 SECONDS 
    WITH ROLLBACK IMMEDIATE;


GO
PRINT N'Creating [dbo].[JusCustomer]...';


GO
CREATE TABLE [dbo].[JusCustomer] (
    [OwnerID]   INT          NOT NULL,
    [FirstName] VARCHAR (50) NOT NULL,
    [Surname]   VARCHAR (50) NOT NULL,
    [Phone]     INT          NOT NULL,
    PRIMARY KEY CLUSTERED ([OwnerID] ASC)
);


GO
PRINT N'Creating [dbo].[JusPet]...';


GO
CREATE TABLE [dbo].[JusPet] (
    [PetName] VARCHAR (50) NOT NULL,
    [Type]    VARCHAR (50) NOT NULL,
    [OwnerID] INT          NOT NULL,
    PRIMARY KEY CLUSTERED ([PetName] ASC, [OwnerID] ASC)
);


GO
PRINT N'Creating [dbo].[JusProcedure]...';


GO
CREATE TABLE [dbo].[JusProcedure] (
    [ProcedureID] INT           NOT NULL,
    [Description] VARCHAR (100) NOT NULL,
    [Price]       MONEY         NOT NULL,
    PRIMARY KEY CLUSTERED ([ProcedureID] ASC)
);


GO
PRINT N'Creating [dbo].[JusTreatment]...';


GO
CREATE TABLE [dbo].[JusTreatment] (
    [Date]        DATE         NOT NULL,
    [Notes]       VARCHAR (50) NULL,
    [PaidPrice]   MONEY        NULL,
    [ProcedureID] INT          NOT NULL,
    [PetName]     VARCHAR (50) NOT NULL,
    [OwnerID]     INT          NOT NULL,
    PRIMARY KEY CLUSTERED ([Date] ASC, [ProcedureID] ASC, [PetName] ASC, [OwnerID] ASC)
);


GO
PRINT N'Creating unnamed constraint on [dbo].[JusPet]...';


GO
ALTER TABLE [dbo].[JusPet] WITH NOCHECK
    ADD FOREIGN KEY ([OwnerID]) REFERENCES [dbo].[JusCustomer] ([OwnerID]);


GO
PRINT N'Creating unnamed constraint on [dbo].[JusTreatment]...';


GO
ALTER TABLE [dbo].[JusTreatment] WITH NOCHECK
    ADD FOREIGN KEY ([ProcedureID]) REFERENCES [dbo].[JusProcedure] ([ProcedureID]);


GO
PRINT N'Creating unnamed constraint on [dbo].[JusTreatment]...';


GO
ALTER TABLE [dbo].[JusTreatment] WITH NOCHECK
    ADD FOREIGN KEY ([PetName], [OwnerID]) REFERENCES [dbo].[JusPet] ([PetName], [OwnerID]);


GO
/*
Post-Deployment Script Template							
--------------------------------------------------------------------------------------
 This file contains SQL statements that will be appended to the build script.		
 Use SQLCMD syntax to include a file in the post-deployment script.			
 Example:      :r .\myfile.sql								
 Use SQLCMD syntax to reference a variable in the post-deployment script.		
 Example:      :setvar TableName MyTable							
               SELECT * FROM [$(TableName)]					
--------------------------------------------------------------------------------------
*/

Insert into [dbo].[JusCustomer] ([OwnerID], [FirstName], [Surname], [Phone]) Values
(1, 'Frank', 'Sinatra', 400111222),
(2, 'Duke', 'Ellington', 400222333),
(3, 'Ella', 'Fitzgerald', 400333444);

/*
Insert into [dbo].[JusPet] ([PetName], [Type], [OwnerID]) Values
('Buster', 'Dog', 1),
('Fluffy', 'Cat', 1),
('Stew', 'Rabbit', 2),
('Pooper', 'Dog', 3),
('Buster', 'Dog', 3);

Insert into [dbo].[JusProcedure] ([ProcedureID], [Description], [Price]) Values
(01, 'Rabies Vaccination', 24.00),
(10, 'Examine and treat wound', 30.00),
(05, 'Heart Worm Test', 25.00),
(08, 'Tetnus Vaccination', 17.00);

Insert into [dbo].[JusTreatment] ([Date], [Notes], [PaidPrice], [OwnerID], [PetName], [ProcedureID]) Values
('2017-6-20', 'Routine Vaccination', 22.00, 1, 'Buster', 01),
('2018-5-15', 'Booster Shot', 24.00, 1, 'Buster', 01),
('2018-5-10', 'Wounds Sustained int apparent cat fight', 30.00, 1, 'Fluffy', 10),
('2017-6-20', 'Routine Vaccination', 22.00, 1, 'Fluffy', 01),
('2018-5-10', 'Wounds sustained suring attempt to cook stew', 30.00, 2, 'Stew', 10),
('2018-5-15', 'Routine Vaccination', 24.00, 2, 'Stew', 01),
('2018-5-18', 'Routine Test', 25.00, 3, 'Pooper', 05),
('2017-6-20', 'Stepped on a rusty nail', 17.00, 3, 'Buster', 08),
('2017-6-20', 'Routine Vaccination', 22.00, 3, 'Buster', 01);

*/
GO

GO
PRINT N'Checking existing data against newly created constraints';


GO
USE [$(DatabaseName)];


GO
CREATE TABLE [#__checkStatus] (
    id           INT            IDENTITY (1, 1) PRIMARY KEY CLUSTERED,
    [Schema]     NVARCHAR (256),
    [Table]      NVARCHAR (256),
    [Constraint] NVARCHAR (256)
);

SET NOCOUNT ON;

DECLARE tableconstraintnames CURSOR LOCAL FORWARD_ONLY
    FOR SELECT SCHEMA_NAME([schema_id]),
               OBJECT_NAME([parent_object_id]),
               [name],
               0
        FROM   [sys].[objects]
        WHERE  [parent_object_id] IN (OBJECT_ID(N'dbo.JusPet'), OBJECT_ID(N'dbo.JusTreatment'))
               AND [type] IN (N'F', N'C')
                   AND [object_id] IN (SELECT [object_id]
                                       FROM   [sys].[check_constraints]
                                       WHERE  [is_not_trusted] <> 0
                                              AND [is_disabled] = 0
                                       UNION
                                       SELECT [object_id]
                                       FROM   [sys].[foreign_keys]
                                       WHERE  [is_not_trusted] <> 0
                                              AND [is_disabled] = 0);

DECLARE @schemaname AS NVARCHAR (256);

DECLARE @tablename AS NVARCHAR (256);

DECLARE @checkname AS NVARCHAR (256);

DECLARE @is_not_trusted AS INT;

DECLARE @statement AS NVARCHAR (1024);

BEGIN TRY
    OPEN tableconstraintnames;
    FETCH tableconstraintnames INTO @schemaname, @tablename, @checkname, @is_not_trusted;
    WHILE @@fetch_status = 0
        BEGIN
            PRINT N'Checking constraint: ' + @checkname + N' [' + @schemaname + N'].[' + @tablename + N']';
            SET @statement = N'ALTER TABLE [' + @schemaname + N'].[' + @tablename + N'] WITH ' + CASE @is_not_trusted WHEN 0 THEN N'CHECK' ELSE N'NOCHECK' END + N' CHECK CONSTRAINT [' + @checkname + N']';
            BEGIN TRY
                EXECUTE [sp_executesql] @statement;
            END TRY
            BEGIN CATCH
                INSERT  [#__checkStatus] ([Schema], [Table], [Constraint])
                VALUES                  (@schemaname, @tablename, @checkname);
            END CATCH
            FETCH tableconstraintnames INTO @schemaname, @tablename, @checkname, @is_not_trusted;
        END
END TRY
BEGIN CATCH
    PRINT ERROR_MESSAGE();
END CATCH

IF CURSOR_STATUS(N'LOCAL', N'tableconstraintnames') >= 0
    CLOSE tableconstraintnames;

IF CURSOR_STATUS(N'LOCAL', N'tableconstraintnames') = -1
    DEALLOCATE tableconstraintnames;

SELECT N'Constraint verification failed:' + [Schema] + N'.' + [Table] + N',' + [Constraint]
FROM   [#__checkStatus];

IF @@ROWCOUNT > 0
    BEGIN
        DROP TABLE [#__checkStatus];
        RAISERROR (N'An error occurred while verifying constraints', 16, 127);
    END

SET NOCOUNT OFF;

DROP TABLE [#__checkStatus];


GO
PRINT N'Update complete.';


GO
